ID,R_name
243,b0008                                                                                     
244,b0114                                                                                     
245,b0115                                                                                     
246,b0116                                                                                     
247,b0118                                                                                     
248,b0351                                                                                     
249,b0356                                                                                     
250,b0451                                                                                     
251,b0474                                                                                     
252,b0485                                                                                     
253,b0720                                                                                     
254,b0721                                                                                     
255,b0722                                                                                     
256,b0723                                                                                     
257,b0724                                                                                     
258,b0726                                                                                     
259,b0727                                                                                     
260,b0728                                                                                     
261,b0729                                                                                     
262,b0733                                                                                     
263,b0734                                                                                     
264,b0755                                                                                     
265,b0767                                                                                     
266,b0809                                                                                     
267,b0810                                                                                     
268,b0811                                                                                     
269,b0875                                                                                     
270,b0902                                                                                     
271,b0903                                                                                     
272,b0904                                                                                     
273,b0978                                                                                     
274,b0979                                                                                     
275,b1101                                                                                     
276,b1136                                                                                     
277,b1241                                                                                     
278,b1276                                                                                     
279,b1297                                                                                     
280,b1380                                                                                     
281,b1478                                                                                     
282,b1479                                                                                     
283,b1524                                                                                     
284,b1602                                                                                     
285,b1603                                                                                     
286,b1611                                                                                     
287,b1612                                                                                     
288,b1621                                                                                     
289,b1676                                                                                     
290,b1702                                                                                     
291,b1723                                                                                     
292,b1761                                                                                     
293,b1773                                                                                     
294,b1779                                                                                     
295,b1812                                                                                     
296,b1817                                                                                     
297,b1818                                                                                     
298,b1819                                                                                     
299,b1849                                                                                     
300,b1852                                                                                     
301,b1854                                                                                     
302,b2029                                                                                     
303,b2097                                                                                     
304,b2133                                                                                     
305,b2276                                                                                     
306,b2277                                                                                     
307,b2278                                                                                     
308,b2279                                                                                     
309,b2280                                                                                     
310,b2281                                                                                     
311,b2282                                                                                     
312,b2283                                                                                     
313,b2284                                                                                     
314,b2285                                                                                     
315,b2286                                                                                     
316,b2287                                                                                     
317,b2288                                                                                     
318,b2296                                                                                     
319,b2297                                                                                     
320,b2415                                                                                     
321,b2416                                                                                     
322,b2417                                                                                     
323,b2458                                                                                     
324,b2463                                                                                     
325,b2464                                                                                     
326,b2465                                                                                     
327,b2492                                                                                     
328,b2579                                                                                     
329,b2587                                                                                     
330,b2779                                                                                     
331,b2914                                                                                     
332,b2925                                                                                     
333,b2926                                                                                     
334,b2935                                                                                     
335,b2975                                                                                     
336,b2976                                                                                     
337,b2987                                                                                     
338,b3114                                                                                     
339,b3115                                                                                     
340,b3212                                                                                     
341,b3213                                                                                     
342,b3236                                                                                     
343,b3386                                                                                     
344,b3403                                                                                     
345,b3493                                                                                     
346,b3528                                                                                     
347,b3603                                                                                     
348,b3612                                                                                     
349,b3731                                                                                     
350,b3732                                                                                     
351,b3733                                                                                     
352,b3734                                                                                     
353,b3735                                                                                     
354,b3736                                                                                     
355,b3737                                                                                     
356,b3738                                                                                     
357,b3739                                                                                     
358,b3870                                                                                     
359,b3916                                                                                     
360,b3919                                                                                     
361,b3925                                                                                     
362,b3951                                                                                     
363,b3952                                                                                     
364,b3956                                                                                     
365,b3962                                                                                     
366,b4014                                                                                     
367,b4015                                                                                     
368,b4025                                                                                     
369,b4077                                                                                     
370,b4090                                                                                     
371,b4122                                                                                     
372,b4151                                                                                     
373,b4152                                                                                     
374,b4153                                                                                     
375,b4154                                                                                     
376,b4232                                                                                     
377,b4301                                                                                     
378,b4395                                                                                     
379,s0001                                                                                     